idx_number,name,formatted_name
27477,Volume of G+S-frontomargin (left hemisphere),lh_G_and_S_frontomargin
27478,Volume of G+S-occipital-inf (left hemisphere),lh_G_and_S_occipital_inf
27479,Volume of G+S-paracentral (left hemisphere),lh_G_and_S_paracentral
27480,Volume of G+S-subcentral (left hemisphere),lh_G_and_S_subcentral
27481,Volume of G+S-transv-frontopol (left hemisphere),lh_G_and_S_transv_frontopol
27482,Volume of G+S-cingul-Ant (left hemisphere),lh_G_and_S_cingul_Ant
27483,Volume of G+S-cingul-Mid-Ant (left hemisphere),lh_G_and_S_cingul_Mid_Ant
27484,Volume of G+S-cingul-Mid-Post (left hemisphere),lh_G_and_S_cingul_Mid_Post
27485,Volume of G-cingul-Post-dorsal (left hemisphere),lh_G_cingul_Post_dorsal
27486,Volume of G-cingul-Post-ventral (left hemisphere),lh_G_cingul_Post_ventral
27487,Volume of G-cuneus (left hemisphere),lh_G_cuneus
27488,Volume of G-front-inf-Opercular (left hemisphere),lh_G_front_inf_Opercular
27489,Volume of G-front-inf-Orbital (left hemisphere),lh_G_front_inf_Orbital
27490,Volume of G-front-inf-Triangul (left hemisphere),lh_G_front_inf_Triangul
27491,Volume of G-front-middle (left hemisphere),lh_G_front_middle
27492,Volume of G-front-sup (left hemisphere),lh_G_front_sup
27493,Volume of G-Ins-lg+S-cent-ins (left hemisphere),lh_G_Ins_lg_and_S_cent_ins
27494,Volume of G-insular-short (left hemisphere),lh_G_insular_short
27495,Volume of G-occipital-middle (left hemisphere),lh_G_occipital_middle
27496,Volume of G-occipital-sup (left hemisphere),lh_G_occipital_sup
27497,Volume of G-oc-temp-lat-fusifor (left hemisphere),lh_G_oc_temp_lat_fusifor
27498,Volume of G-oc-temp-med-Lingual (left hemisphere),lh_G_oc_temp_med_Lingual
27499,Volume of G-oc-temp-med-Parahip (left hemisphere),lh_G_oc_temp_med_Parahip
27500,Volume of G-orbital (left hemisphere),lh_G_orbital
27501,Volume of G-pariet-inf-Angular (left hemisphere),lh_G_pariet_inf_Angular
27502,Volume of G-pariet-inf-Supramar (left hemisphere),lh_G_pariet_inf_Supramar
27503,Volume of G-parietal-sup (left hemisphere),lh_G_parietal_sup
27504,Volume of G-postcentral (left hemisphere),lh_G_postcentral
27505,Volume of G-precentral (left hemisphere),lh_G_precentral
27506,Volume of G-precuneus (left hemisphere),lh_G_precuneus
27507,Volume of G-rectus (left hemisphere),lh_G_rectus
27508,Volume of G-subcallosal (left hemisphere),lh_G_subcallosal
27509,Volume of G-temp-sup-G-T-transv (left hemisphere),lh_G_temp_sup_G_T_transv
27510,Volume of G-temp-sup-Lateral (left hemisphere),lh_G_temp_sup_Lateral
27511,Volume of G-temp-sup-Plan-polar (left hemisphere),lh_G_temp_sup_Plan_polar
27512,Volume of G-temp-sup-Plan-tempo (left hemisphere),lh_G_temp_sup_Plan_tempo
27513,Volume of G-temporal-inf (left hemisphere),lh_G_temporal_inf
27514,Volume of G-temporal-middle (left hemisphere),lh_G_temporal_middle
27515,Volume of Lat-Fis-ant-Horizont (left hemisphere),lh_Lat_Fis_ant_Horizont
27516,Volume of Lat-Fis-ant-Vertical (left hemisphere),lh_Lat_Fis_ant_Vertical
27517,Volume of Lat-Fis-post (left hemisphere),lh_Lat_Fis_post
27518,Volume of Pole-occipital (left hemisphere),lh_Pole_occipital
27519,Volume of Pole-temporal (left hemisphere),lh_Pole_temporal
27520,Volume of S-calcarine (left hemisphere),lh_S_calcarine
27521,Volume of S-central (left hemisphere),lh_S_central
27522,Volume of S-cingul-Marginalis (left hemisphere),lh_S_cingul_Marginalis
27523,Volume of S-circular-insula-ant (left hemisphere),lh_S_circular_insula_ant
27524,Volume of S-circular-insula-inf (left hemisphere),lh_S_circular_insula_inf
27525,Volume of S-circular-insula-sup (left hemisphere),lh_S_circular_insula_sup
27526,Volume of S-collat-transv-ant (left hemisphere),lh_S_collat_transv_ant
27527,Volume of S-collat-transv-post (left hemisphere),lh_S_collat_transv_post
27528,Volume of S-front-inf (left hemisphere),lh_S_front_inf
27529,Volume of S-front-middle (left hemisphere),lh_S_front_middle
27530,Volume of S-front-sup (left hemisphere),lh_S_front_sup
27531,Volume of S-interm-prim-Jensen (left hemisphere),lh_S_interm_prim_Jensen
27532,Volume of S-intrapariet+P-trans (left hemisphere),lh_S_intrapariet_and_P_trans
27533,Volume of S-oc-middle+Lunatus (left hemisphere),lh_S_oc_middle_and_Lunatus
27534,Volume of S-oc-sup+transversal (left hemisphere),lh_S_oc_sup_and_transversal
27535,Volume of S-occipital-ant (left hemisphere),lh_S_occipital_ant
27536,Volume of S-oc-temp-lat (left hemisphere),lh_S_oc_temp_lat
27537,Volume of S-oc-temp-med+Lingual (left hemisphere),lh_S_oc_temp_med_and_Lingual
27538,Volume of S-orbital-lateral (left hemisphere),lh_S_orbital_lateral
27539,Volume of S-orbital-med-olfact (left hemisphere),lh_S_orbital_med_olfact
27540,Volume of S-orbital-H-Shaped (left hemisphere),lh_S_orbital_H_Shaped
27541,Volume of S-parieto-occipital (left hemisphere),lh_S_parieto_occipital
27542,Volume of S-pericallosal (left hemisphere),lh_S_pericallosal
27543,Volume of S-postcentral (left hemisphere),lh_S_postcentral
27544,Volume of S-precentral-inf-part (left hemisphere),lh_S_precentral_inf_part
27545,Volume of S-precentral-sup-part (left hemisphere),lh_S_precentral_sup_part
27546,Volume of S-suborbital (left hemisphere),lh_S_suborbital
27547,Volume of S-subparietal (left hemisphere),lh_S_subparietal
27548,Volume of S-temporal-inf (left hemisphere),lh_S_temporal_inf
27549,Volume of S-temporal-sup (left hemisphere),lh_S_temporal_sup
27550,Volume of S-temporal-transverse (left hemisphere),lh_S_temporal_transverse
27699,Volume of G+S-frontomargin (right hemisphere),rh_G_and_S_frontomargin
27700,Volume of G+S-occipital-inf (right hemisphere),rh_G_and_S_occipital_inf
27701,Volume of G+S-paracentral (right hemisphere),rh_G_and_S_paracentral
27702,Volume of G+S-subcentral (right hemisphere),rh_G_and_S_subcentral
27703,Volume of G+S-transv-frontopol (right hemisphere),rh_G_and_S_transv_frontopol
27704,Volume of G+S-cingul-Ant (right hemisphere),rh_G_and_S_cingul_Ant
27705,Volume of G+S-cingul-Mid-Ant (right hemisphere),rh_G_and_S_cingul_Mid_Ant
27706,Volume of G+S-cingul-Mid-Post (right hemisphere),rh_G_and_S_cingul_Mid_Post
27707,Volume of G-cingul-Post-dorsal (right hemisphere),rh_G_cingul_Post_dorsal
27708,Volume of G-cingul-Post-ventral (right hemisphere),rh_G_cingul_Post_ventral
27709,Volume of G-cuneus (right hemisphere),rh_G_cuneus
27710,Volume of G-front-inf-Opercular (right hemisphere),rh_G_front_inf_Opercular
27711,Volume of G-front-inf-Orbital (right hemisphere),rh_G_front_inf_Orbital
27712,Volume of G-front-inf-Triangul (right hemisphere),rh_G_front_inf_Triangul
27713,Volume of G-front-middle (right hemisphere),rh_G_front_middle
27714,Volume of G-front-sup (right hemisphere),rh_G_front_sup
27715,Volume of G-Ins-lg+S-cent-ins (right hemisphere),rh_G_Ins_lg_and_S_cent_ins
27716,Volume of G-insular-short (right hemisphere),rh_G_insular_short
27717,Volume of G-occipital-middle (right hemisphere),rh_G_occipital_middle
27718,Volume of G-occipital-sup (right hemisphere),rh_G_occipital_sup
27719,Volume of G-oc-temp-lat-fusifor (right hemisphere),rh_G_oc_temp_lat_fusifor
27720,Volume of G-oc-temp-med-Lingual (right hemisphere),rh_G_oc_temp_med_Lingual
27721,Volume of G-oc-temp-med-Parahip (right hemisphere),rh_G_oc_temp_med_Parahip
27722,Volume of G-orbital (right hemisphere),rh_G_orbital
27723,Volume of G-pariet-inf-Angular (right hemisphere),rh_G_pariet_inf_Angular
27724,Volume of G-pariet-inf-Supramar (right hemisphere),rh_G_pariet_inf_Supramar
27725,Volume of G-parietal-sup (right hemisphere),rh_G_parietal_sup
27726,Volume of G-postcentral (right hemisphere),rh_G_postcentral
27727,Volume of G-precentral (right hemisphere),rh_G_precentral
27728,Volume of G-precuneus (right hemisphere),rh_G_precuneus
27729,Volume of G-rectus (right hemisphere),rh_G_rectus
27730,Volume of G-subcallosal (right hemisphere),rh_G_subcallosal
27731,Volume of G-temp-sup-G-T-transv (right hemisphere),rh_G_temp_sup_G_T_transv
27732,Volume of G-temp-sup-Lateral (right hemisphere),rh_G_temp_sup_Lateral
27733,Volume of G-temp-sup-Plan-polar (right hemisphere),rh_G_temp_sup_Plan_polar
27734,Volume of G-temp-sup-Plan-tempo (right hemisphere),rh_G_temp_sup_Plan_tempo
27735,Volume of G-temporal-inf (right hemisphere),rh_G_temporal_inf
27736,Volume of G-temporal-middle (right hemisphere),rh_G_temporal_middle
27737,Volume of Lat-Fis-ant-Horizont (right hemisphere),rh_Lat_Fis_ant_Horizont
27738,Volume of Lat-Fis-ant-Vertical (right hemisphere),rh_Lat_Fis_ant_Vertical
27739,Volume of Lat-Fis-post (right hemisphere),rh_Lat_Fis_post
27740,Volume of Pole-occipital (right hemisphere),rh_Pole_occipital
27741,Volume of Pole-temporal (right hemisphere),rh_Pole_temporal
27742,Volume of S-calcarine (right hemisphere),rh_S_calcarine
27743,Volume of S-central (right hemisphere),rh_S_central
27744,Volume of S-cingul-Marginalis (right hemisphere),rh_S_cingul_Marginalis
27745,Volume of S-circular-insula-ant (right hemisphere),rh_S_circular_insula_ant
27746,Volume of S-circular-insula-inf (right hemisphere),rh_S_circular_insula_inf
27747,Volume of S-circular-insula-sup (right hemisphere),rh_S_circular_insula_sup
27748,Volume of S-collat-transv-ant (right hemisphere),rh_S_collat_transv_ant
27749,Volume of S-collat-transv-post (right hemisphere),rh_S_collat_transv_post
27750,Volume of S-front-inf (right hemisphere),rh_S_front_inf
27751,Volume of S-front-middle (right hemisphere),rh_S_front_middle
27752,Volume of S-front-sup (right hemisphere),rh_S_front_sup
27753,Volume of S-interm-prim-Jensen (right hemisphere),rh_S_interm_prim_Jensen
27754,Volume of S-intrapariet+P-trans (right hemisphere),rh_S_intrapariet_and_P_trans
27755,Volume of S-oc-middle+Lunatus (right hemisphere),rh_S_oc_middle_and_Lunatus
27756,Volume of S-oc-sup+transversal (right hemisphere),rh_S_oc_sup_and_transversal
27757,Volume of S-occipital-ant (right hemisphere),rh_S_occipital_ant
27758,Volume of S-oc-temp-lat (right hemisphere),rh_S_oc_temp_lat
27759,Volume of S-oc-temp-med+Lingual (right hemisphere),rh_S_oc_temp_med_and_Lingual
27760,Volume of S-orbital-lateral (right hemisphere),rh_S_orbital_lateral
27761,Volume of S-orbital-med-olfact (right hemisphere),rh_S_orbital_med_olfact
27762,Volume of S-orbital-H-Shaped (right hemisphere),rh_S_orbital_H_Shaped
27763,Volume of S-parieto-occipital (right hemisphere),rh_S_parieto_occipital
27764,Volume of S-pericallosal (right hemisphere),rh_S_pericallosal
27765,Volume of S-postcentral (right hemisphere),rh_S_postcentral
27766,Volume of S-precentral-inf-part (right hemisphere),rh_S_precentral_inf_part
27767,Volume of S-precentral-sup-part (right hemisphere),rh_S_precentral_sup_part
27768,Volume of S-suborbital (right hemisphere),rh_S_suborbital
27769,Volume of S-subparietal (right hemisphere),rh_S_subparietal
27770,Volume of S-temporal-inf (right hemisphere),rh_S_temporal_inf
27771,Volume of S-temporal-sup (right hemisphere),rh_S_temporal_sup
27772,Volume of S-temporal-transverse (right hemisphere),rh_S_temporal_transverse
